lhs,rhs
1631,194
168,22
285,29
1657,134
394,120
318,117
352,205
286,42
1669,7
118,17
684,97
1036,22
6,170
16,154
88,183
334,176
306,149
70,52
90,155
339,93
1673,184
665,23
95,33
64,20
522,133
931,106
1381,148
104,26
1299,85
170,3
484,81
1306,140
575,52
896,200
2,89
55,203
405,43
899,180
590,154
107,22
621,52
582,22
47,180
415,184
222,192
410,79
326,182
1042,159
585,66
515,179
1309,116
715,135
283,188
49,10
378,15
1018,118
346,131
243,169
548,163
520,99
200,69
861,46
381,147
48,69
523,180
360,163
57,119
1092,90
177,5
994,191
310,102
1054,130
669,88
1039,178
384,14
308,189
1528,24
734,9
1095,49
311,33
87,128
892,197
1416,24
641,185
1026,98
54,99
380,58
112,12
490,158
213,116
1008,80
52,185
345,134
389,83
804,131
1148,60
493,43
600,146
50,48
465,105
901,85
1536,86
506,7
34,23
937,35
250,139
1612,16
1578,33
409,160
913,153
90,89
597,135
960,50
180,155
685,117
936,84
1130,28
1196,23
48,76
30,17
11,85
803,114
593,42
819,30
72,70
250,161
210,32
677,174
1060,139
1106,169
628,113
195,101
793,153
543,131
1009,49
198,31
1036,150
478,26
806,204
75,121
17,149
109,157
780,79
342,114
39,131
199,93
57,58
425,56
130,121
253,60
523,67
25,59
855,107
378,180
1552,122
110,56
523,181
563,160
1355,144
492,87
366,3
1020,160
469,6
79,165
521,199
328,168
110,144
188,14
57,178
1518,130
196,157
865,23
43,85
332,88
2,193
1370,193
402,108
687,50
113,20
239,38
473,92
181,118
380,185
1185,42
191,25
294,192
1383,122
300,186
896,31
10,130
315,2
117,172
845,136
254,85
397,136
228,39
226,165
1378,179
593,50
369,99
411,63
1666,104
534,43
122,79
485,130
1418,176
1130,193
137,41
1681,59
148,4
1103,144
590,58
8,60
159,166
907,36
141,61
83,179
191,146
1287,3
1470,134
761,156
714,197
391,15
404,171
608,76
392,104
476,106
846,58
139,49
358,104
419,202
1047,40
87,63
454,127
581,80
1562,172
42,86
332,148
1302,8
98,183
202,4
533,34
323,95
1392,51
147,53
605,199
769,157
1108,53
741,148
350,128
18,54
658,97
1227,114
1365,56
1516,154
1218,91
73,124
147,77
32,81
539,98
366,137
48,37
168,109
240,43
755,59
19,22
188,1
410,139
632,170
1465,187
410,110
1338,129
1003,186
1676,170
790,53
248,180
520,136
858,99
547,120
5,21
238,132
252,126
51,107
279,63
1296,183
827,178
335,25
1323,28
209,186
623,177
1714,84
1276,60
192,15
799,75
88,50
42,54
181,23
664,56
763,162
115,60
749,129
576,3
200,61
176,120
49,184
483,131
512,173
150,66
394,31
28,116
409,173
499,54
573,66
0,191
259,97
345,90
656,18
253,112
105,116
951,153
103,4
196,43
480,34
645,152
1083,103
434,184
1561,88
1009,200
533,39
1120,37
299,55
886,147
410,135
59,14
46,5
1181,53
383,57
1238,92
483,149
937,102
648,83
1357,142
993,121
843,88
868,183
50,191
47,84
307,197
2,54
1545,38
1280,191
737,145
833,103
223,112
120,195
290,181
1290,101
428,48
671,179
223,204
13,99
391,7
1247,194
1027,196
1204,171
749,3
1269,18
596,162
898,4
78,157
798,66
707,95
824,197
999,169
247,202
373,75
271,185
1463,96
95,97
640,200
454,101
344,96
10,187
493,128
295,71
1418,91
1553,117
1183,126
271,21
738,101
1135,101
547,64
621,143
805,88
838,115
107,173
150,108
57,57
838,85
707,132
182,144
74,107
324,36
303,101
993,88
170,146
1109,171
747,149
1115,180
1252,174
524,185
7,50
916,203
65,11
912,122
1164,110
148,152
243,177
187,205
806,37
688,15
583,87
944,44
213,15
478,177
650,181
549,55
396,128
1447,53
338,62
10,171
1035,116
982,201
1093,88
1427,68
416,191
599,198
1561,128
94,77
288,204
1541,31
689,105
245,102
262,59
681,97
124,162
23,22
202,181
1277,29
655,34
893,52
217,26
216,161
1472,85
135,9
237,107
38,80
726,109
1353,61
738,79
1065,189
578,144
1199,20
439,119
562,183
1176,36
12,155
1381,95
430,104
825,0
40,52
1297,14
45,93
57,63
627,9
1019,29
15,99
731,183
24,90
188,97
780,12
603,46
289,75
167,50
411,202
1182,62
304,141
278,205
107,65
1330,205
1353,129
1041,66
1190,71
697,30
55,12
70,98
1233,93
418,169
249,195
1566,70
216,48
54,18
494,172
617,193
1281,0
162,118
1011,101
394,182
398,4
732,76
872,56
1469,12
2,182
1282,156
980,205
2,23
1714,51
416,195
246,49
770,124
674,12
279,1
178,17
1496,84
928,92
546,152
1316,4
753,161
1325,138
457,4
986,55
287,148
716,70
881,182
218,135
97,104
1421,77
514,195
312,130
168,156
875,40
1589,108
23,87
1115,135
132,166
1300,147
635,123
1206,79
1449,125
397,19
49,113
141,71
1681,158
1077,21
923,99
130,147
484,83
880,171
316,31
1004,70
870,102
1065,23
1078,3
1083,199
130,30
533,85
497,53
231,104
400,146
878,169
1098,88
322,142
645,140
183,99
1280,148
83,152
1584,148
1261,96
1222,129
43,193
126,194
21,144
1212,155
291,5
245,141
49,133
348,67
23,69
64,53
304,57
1525,92
75,125
427,144
956,42
822,171
53,165
508,171
1243,72
670,87
13,71
138,69
162,94
266,11
1287,69
1587,76
90,77
1625,131
668,48
1131,90
125,39
148,31
1364,16
570,126
193,196
844,199
529,23
0,117
157,136
508,84
3,114
414,137
1376,90
787,151
146,144
215,193
626,31
388,43
1038,98
1196,106
543,116
876,174
75,171
72,90
588,178
116,38
361,24
503,112
1226,83
857,25
777,26
732,109
1223,74
592,129
1139,87
1447,117
211,79
1088,111
571,43
107,25
342,51
390,153
160,145
173,16
34,35
577,46
169,175
97,33
89,72
291,151
67,174
665,177
653,54
337,128
120,189
754,7
423,86
1359,80
1045,85
1683,205
87,160
853,54
861,83
190,79
49,55
678,32
1370,181
450,2
342,50
1469,188
269,79
460,171
190,16
391,122
1141,119
465,151
45,60
1589,162
1063,75
1617,71
1023,99
911,33
759,25
1484,104
295,155
1229,167
1480,130
467,89
489,105
482,28
186,2
342,186
1543,11
477,167
563,159
565,190
66,136
22,29
477,112
172,69
542,135
137,153
469,202
78,141
962,53
680,171
1130,184
1469,142
1667,128
1648,187
1242,79
1198,15
143,205
1321,19
125,162
965,184
218,173
213,158
212,201
1400,168
474,46
683,159
351,81
25,203
886,32
363,34
12,85
760,28
1292,6
1038,19
537,41
1163,164
563,79
758,3
27,13
143,5
683,21
255,164
424,79
821,148
209,69
262,170
292,37
321,135
296,26
209,28
1709,135
145,25
303,50
386,115
843,51
1574,70
10,181
310,99
966,183
1040,139
57,190
317,176
707,178
1016,20
584,80
1396,17
15,60
766,41
821,35
986,205
320,24
1284,115
170,122
178,117
765,169
173,33
279,58
322,194
516,96
797,61
1428,96
247,63
902,97
75,66
410,136
155,49
10,84
1300,25
506,152
261,34
52,6
66,164
1495,181
1304,135
377,170
19,157
381,157
99,19
1038,200
88,152
577,23
265,111
1107,69
1072,169
564,190
1317,170
1596,131
1691,75
156,28
33,80
32,161
874,87
1065,179
81,51
872,132
47,195
831,109
1024,32
178,166
509,199
108,178
1432,204
676,133
511,2
656,182
452,104
408,198
9,13
1014,171
847,17
235,92
632,194
1291,146
174,173
839,55
296,151
648,157
116,3
182,89
325,200
288,75
286,145
1545,66
179,193
107,127
1,87
246,205
42,6
656,59
54,139
566,50
424,58
783,136
291,135
87,78
1543,26
378,21
306,155
1472,57
29,73
1461,138
801,132
473,93
196,146
249,44
1239,173
33,126
162,85
93,75
1012,8
573,169
202,57
39,178
677,203
143,92
505,134
779,150
511,100
353,204
884,13
764,183
516,153
484,65
139,59
1276,77
258,91
365,197
260,177
561,73
43,28
593,148
181,113
909,108
1585,180
334,121
186,145
887,115
159,76
763,16
953,164
69,9
1308,134
142,37
966,64
512,155
297,84
368,20
836,177
714,135
797,81
902,77
1681,120
897,109
1260,88
1525,179
17,149
648,54
315,155
1573,23
1061,3
735,102
232,154
333,176
1029,144
13,150
598,23
1380,17
694,97
940,78
389,164
351,60
562,50
1072,70
926,168
1425,90
448,92
333,30
50,77
31,161
89,103
1175,201
1241,143
1162,78
1152,120
1171,24
764,95
54,26
190,168
896,24
711,47
620,143
477,42
36,185
568,2
911,154
690,146
111,70
108,33
522,47
558,127
1096,53
204,102
549,81
473,145
690,162
1406,156
113,66
61,41
209,141
621,3
1465,69
11,111
1048,99
130,104
576,84
612,118
668,204
805,121
520,99
421,40
181,115
21,173
35,58
301,185
532,177
468,58
545,105
49,193
45,152
1097,177
116,59
1133,183
67,54
427,78
823,86
236,44
1467,163
784,110
468,140
1407,31
134,110
495,179
529,185
548,31
1064,70
696,49
100,191
87,77
884,151
12,15
610,34
518,88
663,62
19,186
376,180
1161,44
519,139
207,77
151,188
392,30
1141,182
67,83
1060,100
208,75
76,61
731,43
920,98
340,55
492,54
1000,112
290,168
1136,37
9,47
1626,52
209,196
385,189
379,20
1139,62
760,64
666,44
476,13
899,19
379,45
215,189
953,5
906,58
269,62
1056,6
446,171
465,155
133,195
753,32
964,23
407,92
657,136
386,156
1110,92
273,195
1527,130
302,202
300,190
992,26
685,22
90,42
140,151
713,119
1654,204
323,18
169,152
462,93
576,179
1360,168
110,18
928,128
1181,49
188,133
1144,183
362,160
444,118
242,166
1264,90
488,12
906,178
1401,114
1586,144
1707,189
583,73
654,104
902,123
757,180
353,23
65,81
711,64
213,74
565,26
607,112
296,176
307,109
1198,28
407,192
954,53
407,129
272,135
475,175
1095,55
55,118
521,7
1255,162
399,66
335,0
1295,160
817,116
1,47
605,200
1495,196
37,163
801,100
27,129
391,48
706,141
1548,138
397,65
506,128
715,125
1484,39
354,112
1688,21
1005,4
251,201
664,69
175,65
434,197
1544,11
152,84
579,166
465,147
1235,114
758,199
587,33
985,5
597,11
1290,122
350,134
1548,102
360,63
269,135
1027,121
511,72
1425,76
219,112
414,118
830,1
825,96
1015,133
348,16
1033,46
372,170
110,19
110,74
279,103
244,90
307,41
45,39
581,92
851,1
12,66
338,166
1429,163
731,204
921,120
1194,174
357,11
989,0
256,171
601,99
291,40
354,63
1715,101
197,53
989,169
10,90
118,40
455,125
806,123
18,5
435,126
13,107
345,166
1504,175
1294,19
1,117
1424,43
0,196
1042,2
55,60
138,157
1163,178
1067,172
804,161
120,92
886,29
525,33
172,9
1237,80
742,43
907,92
21,23
394,173
1273,8
789,183
236,120
514,12
116,12
156,171
850,31
137,176
313,204
250,127
595,47
1063,161
269,67
274,181
1220,25
1011,184
824,86
246,8
415,7
828,26
123,126
6,73
1127,52
109,34
658,68
940,134
935,120
880,25
331,126
19,205
105,13
229,154
1123,155
39,62
315,194
350,48
1515,10
644,163
480,157
378,27
900,27
1561,65
644,85
569,171
447,193
262,117
697,7
1481,42
560,18
1083,118
1354,9
1587,81
23,167
502,84
173,51
411,56
820,162
727,22
430,92
1327,95
97,96
290,19
6,153
847,141
257,152
761,178
366,49
14,38
123,80
588,103
1329,115
452,152
1518,67
164,112
242,98
204,197
590,29
39,190
200,155
162,9
314,158
73,70
111,26
233,194
1108,40
639,179
31,23
1076,156
764,198
93,0
1154,136
453,52
882,191
553,122
302,0
619,192
274,76
450,73
1173,2
476,30
177,18
343,146
242,165
943,68
1159,62
46,44
110,51
1029,171
556,60
850,71
1063,151
1298,204
163,178
234,123
1008,94
159,59
1028,177
867,204
1055,141
175,170
243,67
71,5
845,15
495,27
190,152
270,187
24,156
30,128
1232,147
808,105
927,145
182,86
592,16
1361,150
1267,164
36,86
674,12
813,169
225,29
954,62
739,196
64,145
102,32
38,91
301,60
244,105
200,21
610,74
812,128
1113,173
362,33
956,52
463,36
1086,5
472,100
1255,74
423,140
242,198
95,75
1430,124
769,86
317,203
3,30
536,64
308,202
238,13
427,154
257,154
1015,139
577,160
443,167
1511,186
60,116
190,74
1200,0
253,179
788,203
8,190
49,89
399,55
1251,89
57,198
1009,65
1286,145
764,66
697,143
343,151
1616,196
1330,52
238,141
181,34
159,82
213,7
883,5
168,156
1149,119
695,33
90,174
548,52
230,82
65,99
772,37
433,49
471,147
774,172
159,119
921,113
1164,22
194,25
123,57
1088,195
1161,183
40,166
105,142
1306,150
1048,34
217,7
169,88
929,177
389,30
375,200
114,1
254,71
379,158
116,18
5,87
534,112
798,171
772,54
2,155
491,71
429,99
205,144
802,87
882,28
859,108
1070,161
1622,177
47,40
1155,139
1248,159
590,174
756,11
188,112
950,94
140,36
517,159
1082,48
465,37
753,17
43,88
1016,150
407,150
105,195
163,94
715,10
1518,117
460,84
45,0
177,167
348,187
523,198
1065,86
1125,97
1251,24
1294,77
1551,21
132,156
298,30
1197,121
1593,54
314,45
333,4
1180,9
73,161
408,173
384,149
1656,171
1037,116
89,99
66,81
1158,153
843,107
188,4
169,164
414,30
264,3
739,60
1029,123
3,130
157,70
809,184
740,65
480,44
1416,91
198,191
902,125
371,154
1027,118
503,140
503,134
80,4
792,148
832,73
417,156
541,172
663,81
101,129
211,205
1569,111
380,169
10,48
40,31
388,38
964,199
280,162
474,119
224,171
333,58
0,46
461,44
890,168
323,3
1106,155
212,65
357,16
803,124
358,41
324,103
484,44
314,93
1204,159
834,7
777,56
337,148
1022,135
950,183
54,107
4,106
266,65
154,193
377,102
303,10
428,5
1044,60
541,139
1061,5
568,67
58,172
1176,170
242,104
974,12
827,99
1036,111
1464,13
32,158
310,160
18,105
549,202
517,114
331,26
574,125
78,142
315,86
549,30
246,149
750,181
462,108
124,73
179,178
121,126
783,47
76,126
883,59
378,79
849,187
293,76
152,4
212,151
925,186
1165,170
1336,57
1295,105
450,199
164,21
1543,162
341,18
146,62
1023,72
177,144
1098,19
588,72
199,53
456,29
61,16
1315,103
1512,30
545,70
989,21
1561,183
231,186
631,68
346,33
470,108
419,143
358,57
1148,162
734,40
1302,70
192,115
500,184
163,72
380,84
745,30
170,170
0,142
867,61
891,76
786,21
434,72
1135,192
772,162
26,68
616,107
142,63
224,159
38,98
1186,109
97,195
293,133
302,35
822,92
867,0
149,40
76,116
264,163
305,160
1323,78
885,9
881,121
1026,150
1468,203
303,142
257,108
512,160
586,39
741,85
658,173
12,62
1702,144
497,186
174,195
1412,165
605,36
425,14
1587,12
779,6
1071,121
396,113
124,147
319,199
22,37
517,59
693,38
1229,56
154,120
318,105
1518,5
297,179
946,16
42,31
396,102
598,47
124,172
1374,101
161,85
414,81
30,38
79,181
463,164
350,156
836,56
744,183
228,147
1231,60
16,81
432,67
322,197
898,203
674,11
494,24
814,102
1303,78
658,50
580,7
1157,67
488,68
779,20
135,7
957,120
954,38
158,176
281,142
1047,35
849,100
11,62
330,49
25,135
817,151
236,120
1344,94
678,69
14,22
129,17
456,59
496,171
382,73
326,132
849,4
153,79
122,36
665,20
767,189
505,147
182,53
275,17
1409,77
183,9
252,7
2,182
1398,37
575,19
719,124
286,197
909,73
224,16
1397,71
426,89
275,143
64,174
1461,0
875,94
605,88
763,160
402,38
653,138
653,87
149,158
1472,46
1500,166
684,55
373,125
181,144
853,25
35,67
487,26
1598,66
1102,57
1660,143
172,36
1035,68
1486,57
495,101
535,105
1419,20
109,24
16,147
1175,100
434,88
626,78
914,160
85,56
174,147
389,143
1018,174
99,125
931,49
330,7
1131,166
654,133
26,195
323,56
1184,87
55,6
94,123
126,155
148,43
871,78
578,89
163,58
1462,45
998,86
252,42
150,111
1357,112
1344,158
66,117
369,123
380,185
184,104
237,52
942,75
102,5
1593,63
93,125
1243,6
589,41
461,112
1236,182
1104,168
31,90
122,57
308,122
397,72
1599,75
89,33
979,61
73,130
537,159
550,185
351,27
383,16
348,205
554,14
1576,186
574,111
832,90
726,118
818,93
1123,124
511,110
525,31
751,128
552,108
1404,1
637,129
409,146
531,184
197,101
293,126
48,90
1388,196
1186,109
115,134
41,117
393,84
989,26
89,142
260,20
75,2
8,183
20,2
116,195
177,61
753,126
467,135
131,91
860,79
1135,6
931,110
165,52
108,156
59,108
1271,39
680,95
826,130
959,75
464,185
462,10
930,84
329,10
1079,164
134,19
1072,87
437,76
1365,67
91,179
913,87
478,40
1045,15
631,21
867,80
412,127
1556,46
206,80
1022,111
167,93
837,36
447,192
777,120
686,108
370,81
1160,126
387,88
1149,33
45,156
957,75
1281,17
704,133
833,156
1282,180
180,190
266,178
429,14
577,26
312,121
693,1
662,132
122,192
989,77
612,166
773,173
54,131
166,196
195,117
647,76
439,14
259,44
1506,142
400,148
147,75
1419,87
989,132
629,5
969,186
287,108
853,92
1670,132
824,137
207,92
775,18
440,14
644,179
978,19
444,68
113,73
932,172
1575,23
335,61
47,82
802,116
943,125
56,187
1259,93
1030,120
374,64
94,123
16,132
597,18
304,182
1286,47
142,179
318,7
162,151
713,101
603,49
1014,35
55,92
1273,119
974,149
68,192
912,200
239,101
443,82
69,51
588,145
226,156
827,73
622,57
592,41
941,189
332,114
54,92
886,55
404,97
164,100
969,72
1244,17
151,99
77,65
420,23
1093,5
552,122
624,106
581,132
577,159
687,10
534,130
784,180
350,7
336,47
71,69
388,52
358,183
973,138
246,16
410,74
782,195
0,108
1055,97
1461,54
766,93
302,88
173,190
682,123
411,182
355,160
726,156
1179,4
461,96
583,113
51,201
896,82
11,37
717,31
300,38
615,57
348,7
888,158
17,182
56,74
1274,133
994,190
782,83
1079,174
295,179
810,30
154,197
140,1
890,56
265,128
952,92
797,166
85,100
1199,114
127,59
740,31
415,19
380,174
351,170
53,20
806,66
325,154
785,54
234,111
12,92
332,31
440,49
1422,72
144,29
1510,127
5,179
270,133
718,41
199,73
236,108
1248,82
1606,142
1473,99
1306,179
389,122
1544,89
786,81
1114,173
521,14
24,196
1041,25
463,95
1413,199
6,144
1131,178
117,26
570,135
44,139
499,143
386,138
1197,101
246,168
670,127
146,160
645,86
468,119
911,23
1505,25
494,116
651,197
1312,76
604,85
232,22
801,156
1541,113
704,29
1101,111
14,121
300,24
572,108
823,13
676,195
1239,64
656,94
357,13
682,72
730,123
1632,115
65,204
931,194
56,67
0,94
820,157
1056,49
1013,204
1186,41
368,141
4,181
894,20
186,139
163,25
204,12
967,170
455,176
561,7
910,185
314,197
1157,74
550,29
1049,47
234,152
628,193
295,45
348,114
217,41
1371,92
141,20
896,19
501,164
107,17
537,149
48,176
141,50
201,13
30,97
0,119
1027,48
1639,161
75,46
41,203
173,182
593,182
500,159
141,30
68,4
276,74
76,199
1539,147
291,192
291,93
335,133
716,161
361,109
1022,31
335,8
145,197
896,100
375,0
200,57
521,16
33,68
685,17
768,201
192,79
77,69
433,129
1109,29
253,30
853,121
1319,126
18,177
777,46
1,60
731,160
955,46
10,80
1056,6
494,21
46,53
13,168
183,137
750,3
649,2
167,146
277,182
578,205
1213,21
271,151
181,68
774,49
1,109
255,124
870,203
317,93
983,107
26,12
932,1
1584,67
439,27
355,198
1055,180
86,86
700,104
151,59
275,62
48,109
356,81
854,119
221,122
368,34
239,14
415,103
1409,141
497,100
382,93
29,186
344,0
69,46
376,11
28,75
1300,129
109,145
482,172
1043,94
862,20
114,8
379,29
543,156
306,49
21,46
1351,160
938,113
314,192
813,73
259,4
1417,105
455,174
1698,33
107,79
872,121
563,90
500,11
162,190
293,179
378,178
1117,81
105,88
341,123
1027,96
292,80
1138,39
599,69
314,59
1165,165
26,91
116,177
157,89
1324,196
645,62
12,165
672,93
161,68
218,114
547,108
48,35
89,128
822,92
31,99
665,44
1009,26
323,147
134,143
919,106
347,113
270,148
1216,195
654,122
99,15
269,43
1557,15
1425,61
676,133
1011,12
388,182
1086,31
1415,105
1296,46
1257,32
366,77
46,200
1064,94
381,55
583,90
433,196
162,1
378,93
326,176
359,9
666,60
836,161
868,153
1078,97
16,43
969,144
1052,31
257,166
1633,158
280,43
1365,124
1124,162
242,27
1186,90
1019,36
382,140
2,197
1217,113
690,44
467,147
791,168
57,195
122,105
724,160
50,121
350,107
143,80
592,199
727,9
402,43
1089,149
68,170
1353,92
1269,45
1038,168
351,191
179,146
217,34
84,191
1078,98
805,18
656,146
836,36
102,110
36,39
853,176
289,11
833,144
624,19
393,62
54,19
247,108
892,85
764,183
404,53
212,145
1636,55
1400,159
449,79
667,58
10,201
1386,118
646,132
713,23
102,63
193,183
235,40
1514,113
760,103
886,97
470,101
353,143
809,194
751,151
128,5
657,87
865,122
375,120
135,136
439,142
233,124
23,77
136,91
1552,70
7,174
1215,126
630,59
587,204
919,104
1003,169
1132,33
953,90
807,14
106,95
1355,36
943,169
106,143
962,122
298,102
423,9
809,196
1,54
365,118
324,112
1597,185
456,78
1033,36
352,203
634,120
1525,80
547,125
812,122
1049,181
575,95
329,52
151,112
10,5
53,64
1061,38
1094,104
1556,183
1571,117
78,85
1127,42
541,68
906,68
134,44
468,44
484,91
54,84
685,177
342,106
247,193
254,65
5,178
1120,89
424,161
461,134
320,168
1247,95
677,165
34,35
19,91
38,109
12,125
1574,43
1401,183
609,96
1629,29
259,153
173,2
67,31
598,10
0,37
199,129
1153,135
259,65
30,178
1411,199
103,196
1555,155
1071,154
313,28
963,52
235,93
741,29
230,66
269,50
374,184
16,97
1,191
459,185
1000,33
1693,29
930,25
1032,63
92,20
1211,57
115,58
264,63
1546,89
452,53
904,148
26,83
140,0
1726,21
1361,98
3,44
493,158
488,159
724,67
371,42
1309,148
18,7
23,139
465,188
264,108
1195,108
421,108
1417,90
434,46
86,145
40,31
659,12
850,35
504,79
438,29
805,20
839,29
6,88
602,108
703,18
76,158
403,181
1613,125
1436,125
461,94
379,7
1638,112
1233,117
327,90
1320,41
621,60
134,37
1385,197
3,73
447,90
503,33
423,25
1291,78
9,184
653,78
657,73
1235,169
430,96
505,165
58,14
715,199
81,178
504,109
581,55
125,170
89,18
179,17
52,26
222,55
130,90
665,36
104,176
1167,82
6,172
1096,6
5,79
133,49
1676,4
949,168
101,78
884,191
560,112
189,52
713,143
637,61
1295,69
354,68
93,166
797,76
1315,130
378,130
546,35
1282,180
565,1
52,191
499,75
222,108
883,55
47,169
1081,91
234,17
901,143
517,17
700,101
507,168
1447,130
654,116
1182,66
647,140
652,87
52,134
314,182
956,134
1435,60
526,9
230,120
22,62
1525,29
1077,130
229,114
792,162
269,71
511,190
618,84
952,11
207,27
560,25
460,185
745,105
850,73
1019,68
366,177
59,192
1406,167
298,17
1711,81
92,198
1491,47
7,44
849,9
75,172
771,172
708,129
182,156
227,90
350,124
922,52
598,36
1547,144
184,39
517,204
1267,26
835,132
901,59
881,151
489,136
273,201
102,111
701,135
366,142
1323,82
219,16
1221,23
397,1
984,76
1410,88
69,200
23,141
32,91
255,195
163,73
412,126
517,55
502,200
783,156
120,85
741,45
1350,47
86,192
1080,111
475,81
418,139
683,19
1039,95
1061,109
450,109
382,34
242,176
293,54
918,55
1500,120
629,75
514,163
1441,35
420,64
1671,0
1327,192
317,159
544,88
770,113
360,63
710,2
108,157
1604,27
95,190
24,137
543,70
896,24
1085,12
324,63
672,48
61,92
174,37
91,50
23,86
207,36
1468,8
277,48
63,80
1494,197
1178,28
933,100
707,27
338,114
33,156
257,181
552,51
1010,203
10,48
698,158
729,139
96,108
691,89
481,155
900,25
15,130
480,15
1315,21
123,22
502,72
1343,35
264,125
483,17
273,175
1669,112
1079,183
177,71
378,171
1106,167
1039,154
729,115
69,29
1031,43
1128,28
1593,26
1296,166
1360,186
105,95
1584,63
1459,133
105,37
22,201
518,199
389,205
984,125
196,118
249,101
702,23
1286,154
469,169
56,200
784,194
363,16
505,30
773,103
71,154
309,167
305,202
617,133
1262,68
39,107
254,161
580,79
142,205
1154,66
1079,153
150,40
63,204
123,60
297,88
217,127
762,154
46,8
1261,32
1321,4
419,63
1558,31
918,139
435,205
325,163
853,136
266,174
1348,89
420,29
1312,101
762,57
180,39
589,195
761,7
1428,80
413,197
50,58
149,10
154,144
488,168
22,1
1062,83
486,77
456,115
168,174
667,30
90,184
758,85
52,47
706,173
264,109
181,96
80,103
1280,99
91,137
407,52
850,62
350,136
395,142
313,181
1363,82
915,131
1319,139
869,163
242,64
554,121
1488,26
468,52
579,88
207,103
1248,115
539,31
753,128
759,119
499,146
779,131
810,137
30,167
565,142
60,136
1026,195
325,87
955,76
1129,185
920,182
442,195
297,11
1242,148
1390,76
619,42
147,98
1217,56
45,75
301,133
157,98
663,28
41,104
1265,172
1226,27
1133,79
527,138
1132,181
1674,77
348,68
16,100
1001,78
959,113
1479,192
0,174
313,13
455,198
1627,191
12,129
776,157
1358,3
1206,62
50,41
207,139
992,131
533,111
496,40
165,107
608,31
729,50
1068,20
1467,1
197,130
6,68
632,28
153,10
20,153
452,92
102,152
534,202
787,113
235,24
1153,53
850,25
798,40
923,93
13,77
721,196
734,3
917,178
74,178
631,201
226,36
400,88
652,124
1052,83
688,158
1304,146
690,106
1344,27
165,91
311,80
769,183
155,156
477,135
1038,16
1174,28
0,122
531,125
710,125
2,59
38,177
846,73
1458,114
559,50
335,200
725,59
311,197
1040,144
158,151
733,38
1,74
234,179
1474,162
1530,29
1452,8
909,42
336,141
1291,124
150,52
152,34
371,110
99,186
536,85
984,157
764,52
397,98
1526,20
236,159
561,108
508,175
461,123
936,124
773,100
1020,135
21,153
106,34
526,157
35,159
79,79
725,4
565,86
774,5
735,86
1385,193
1021,196
540,147
926,188
808,35
1171,14
794,181
227,11
302,136
300,135
236,203
488,170
1558,79
1500,87
13,16
143,43
1523,188
942,54
953,47
1438,168
758,87
1024,124
81,94
420,204
159,203
164,130
348,26
944,64
798,102
810,205
323,17
898,159
937,159
1058,70
555,38
145,155
145,158
176,194
797,36
881,12
1459,122
182,194
520,45
418,188
718,132
1154,24
541,163
944,76
93,60
292,88
966,79
1303,150
795,142
46,23
779,89
4,63
1343,180
624,179
40,42
132,201
1122,120
450,121
945,60
450,44
1565,123
844,153
1004,115
1562,130
98,105
545,96
47,23
779,160
250,55
97,30
244,201
239,23
206,60
573,41
125,144
310,62
1346,45
1320,198
990,95
1026,104
445,75
43,168
1188,83
652,138
104,196
663,155
308,10
1214,121
1072,84
60,155
77,122
649,21
1084,67
1010,149
64,189
948,13
223,118
510,99
164,201
110,51
1314,128
354,151
1246,3
1080,146
1537,158
1238,170
34,36
409,168
158,16
419,154
1368,125
28,1
473,65
346,68
1285,39
463,160
1168,136
847,78
1730,195
672,17
77,186
1014,154
776,131
55,61
1464,75
12,180
1380,125
781,120
987,86
177,36
160,62
719,162
34,12
0,32
45,5
442,57
74,197
90,94
576,112
54,195
1092,34
372,204
966,53
913,178
376,17
735,110
940,163
92,95
1065,182
48,129
682,140
1078,8
747,37
311,67
663,126
3,122
352,202
51,134
238,50
1010,116
296,158
16,2
554,161
529,173
102,150
935,90
1678,87
144,99
686,29
388,74
162,73
1484,171
1048,34
264,165
450,68
555,191
1492,111
621,162
730,165
495,146
1453,111
102,60
6,120
1403,66
100,107
815,193
96,93
479,50
413,52
528,86
1340,102
1111,56
29,199
61,177
270,146
1092,111
1122,189
249,50
134,127
117,14
35,138
367,193
37,11
273,11
1126,48
623,39
927,66
751,132
269,54
915,65
957,71
1214,13
336,90
908,122
427,29
171,57
672,124
1378,124
623,70
89,182
933,55
649,29
957,60
325,57
1482,39
574,72
138,144
554,56
962,76
574,186
903,139
295,98
70,75
863,52
189,143
1,1
1636,89
752,0
1003,35
42,24
739,123
241,26
1024,197
274,2
1132,48
217,161
374,97
429,176
1466,133
1462,189
73,134
213,185
238,179
1575,54
20,68
807,182
365,28
59,174
106,83
238,193
342,135
970,101
46,101
192,186
167,46
769,132
531,120
789,13
515,99
203,92
207,53
4,3
1021,177
162,44
434,47
394,196
423,87
280,175
1049,149
771,34
340,165
359,28
762,47
146,23
391,1
164,150
835,53
783,59
263,54
3,169
453,179
1,61
965,3
82,95
391,164
733,21
1142,199
1098,85
49,88
685,56
1087,97
1068,12
1414,177
800,40
1314,177
16,38
582,98
1052,47
666,143
561,76
560,125
81,159
888,35
765,95
403,123
540,74
55,117
140,98
388,124
1282,179
860,19
1169,121
1109,173
254,139
60,158
784,143
1058,56
1279,109
915,20
514,84
343,30
636,205
253,81
416,55
1138,86
763,90
33,30
1183,3
873,16
602,28
269,156
784,102
490,81
1222,169
216,103
47,139
317,196
0,85
359,75
471,107
1364,163
2,88
524,133
873,67
442,36
685,147
169,51
849,102
240,5
369,134
267,66
379,38
260,104
802,136
1266,161
233,84
132,16
229,169
903,36
592,183
1190,75
1115,8
1106,102
758,98
123,91
2,97
1230,198
291,33
55,140
440,128
589,132
561,29
480,168
787,29
546,18
19,37
1472,105
278,20
1183,79
749,130
64,144
781,20
368,166
1557,101
40,175
652,194
7,27
1678,2
1075,183
16,28
531,97
216,84
865,138
105,187
422,119
181,12
1515,17
92,36
1335,24
598,72
880,86
347,149
259,23
289,37
278,41
1126,112
1237,72
84,198
1000,15
982,184
701,57
518,65
1044,111
255,182
530,119
1726,70
242,136
119,184
927,35
39,140
1401,41
92,59
124,9
1538,107
630,105
476,190
1259,147
1574,138
203,86
543,7
1380,94
284,158
0,31
158,203
1180,32
815,134
880,18
18,107
1350,23
1183,137
157,123
712,43
344,193
126,151
417,113
928,33
788,161
969,160
600,172
803,178
883,190
801,12
63,4
29,101
19,118
943,18
245,187
284,72
1409,48
158,131
419,166
198,82
1114,125
1224,11
774,134
613,93
516,94
42,169
1164,6
555,67
1245,119
280,148
115,19
518,172
174,60
7,155
1156,186
1270,182
968,100
1353,93
323,200
297,62
1368,94
827,47
534,47
125,76
177,55
527,99
648,190
190,163
269,4
1231,201
120,20
1060,57
695,125
311,75
1079,115
701,63
1643,149
674,34
382,25
744,9
1495,161
425,130
11,153
511,61
1400,157
591,122
429,4
1425,63
15,110
122,182
445,148
559,134
17,157
651,80
540,34
408,175
342,25
6,5
838,53
886,95
367,28
296,40
14,71
646,26
172,192
293,178
61,19
652,17
916,151
244,104
875,191
192,91
649,37
925,3
1092,14
189,108
709,202
26,170
977,200
548,16
90,129
751,112
384,36
144,149
242,99
66,71
453,114
889,79
1137,105
57,126
627,125
369,156
199,169
344,117
805,170
396,126
1,115
504,45
133,11
22,2
151,179
227,131
67,154
927,117
140,95
748,158
1005,59
949,88
57,162
248,45
75,167
182,155
308,69
10,186
393,35
1352,13
182,185
626,42
233,12
546,131
167,176
719,147
62,82
293,68
229,153
867,114
42,5
517,131
279,191
838,158
1289,132
632,87
285,51
490,178
1536,122
190,2
824,102
786,140
900,35
651,116
158,203
27,66
423,112
565,171
587,31
1551,19
264,155
470,116
67,204
1008,43
0,89
1599,199
601,163
1462,24
864,188
130,198
301,15
497,11
685,155
786,74
10,90
223,128
24,183
538,91
1354,48
1421,4
1418,204
469,152
591,7
129,179
492,111
1067,140
632,6
594,165
307,138
399,192
901,113
231,117
607,79
27,92
168,189
28,60
146,92
568,99
296,2
597,153
1233,17
1140,83
101,163
156,65
1300,141
1254,130
24,2
1320,180
73,52
304,0
1163,161
450,78
541,42
270,23
887,112
879,14
704,35
41,129
55,142
718,62
9,145
234,160
531,56
37,107
488,120
146,133
898,181
676,196
1181,102
451,115
1580,158
1527,17
798,30
1145,172
466,67
84,28
107,192
494,77
919,1
1654,192
649,134
69,136
258,159
553,83
1451,154
227,185
212,5
150,75
337,116
123,18
795,13
759,83
226,68
317,48
1252,33
248,128
428,25
733,30
103,67
483,205
565,49
1694,130
188,148
877,74
193,11
1043,150
314,89
376,28
128,7
1171,144
628,173
653,161
377,189
1078,195
983,90
424,165
19,203
819,150
975,147
734,162
480,9
15,58
368,180
293,147
105,90
1555,156
87,134
781,94
2,72
738,61
1006,132
134,96
231,200
1,50
436,21
761,119
236,131
196,15
410,24
1192,52
1024,180
782,8
43,86
420,131
697,49
521,177
247,73
192,172
575,83
759,78
934,58
389,61
913,153
1439,127
1431,50
20,195
365,116
793,204
608,97
256,140
1330,141
820,173
155,8
335,98
385,107
110,77
144,3
172,155
958,85
1373,200
238,18
288,153
779,56
135,194
937,197
82,190
136,167
1352,29
1458,141
173,126
335,130
1163,40
1688,111
1300,119
229,92
221,80
821,144
996,186
883,104
567,26
504,86
372,203
146,90
562,27
49,128
1387,154
794,14
504,127
1406,176
283,64
21,41
272,136
1087,37
1347,64
1048,125
906,140
890,70
742,88
170,43
1655,28
54,102
101,131
380,104
46,121
713,63
244,104
133,142
228,97
823,7
1066,43
1174,25
499,194
850,138
638,142
148,27
106,185
51,39
380,129
1246,56
375,191
354,5
275,28
219,124
661,37
939,124
1548,63
1299,96
686,183
956,181
1152,91
2,145
1492,5
578,30
342,112
1079,135
786,47
572,51
1564,159
305,116
986,154
31,175
136,62
977,103
1444,40
228,73
1157,125
1240,168
204,107
233,12
711,107
951,205
919,75
57,172
416,128
133,173
58,51
146,158
1283,91
53,200
385,125
10,73
295,167
422,104
265,158
737,185
98,61
502,159
1287,34
957,119
35,30
374,104
15,118
254,184
1170,71
226,203
1331,59
1372,74
69,183
36,86
912,197
886,100
32,133
715,142
707,49
1124,73
528,161
798,153
315,111
201,17
189,204
24,89
410,44
560,63
1058,117
1365,165
1131,177
1651,119
315,67
582,141
384,157
752,19
1132,178
399,18
152,109
966,50
674,183
750,54
399,18
1163,164
1311,34
177,135
1483,171
1082,102
393,188
88,65
531,112
755,192
217,149
1307,44
174,190
401,100
1,173
402,176
484,170
431,198
252,43
0,42
899,148
878,2
111,42
1108,110
22,113
1067,24
1094,199
859,66
486,18
9,157
1489,197
439,122
341,82
12,88
542,158
101,192
99,174
460,112
467,88
964,194
1252,195
656,97
755,46
571,118
918,5
1621,116
22,143
579,152
41,198
287,23
571,187
38,172
571,30
1246,139
517,25
154,126
1145,68
465,195
1377,132
121,12
1513,190
518,163
258,18
281,165
409,15
44,166
523,130
1224,88
644,202
75,11
1417,7
571,156
708,5
23,24
105,120
76,171
984,117
123,178
722,74
18,104
724,6
418,199
273,92
179,160
423,81
357,129
992,122
951,0
7,185
657,61
396,186
260,9
173,174
476,31
459,23
1038,10
1372,34
616,73
354,163
18,17
5,173
890,42
44,174
663,107
4,80
1216,107
868,15
228,82
1153,199
231,92
960,133
1126,115
301,131
1057,167
827,144
891,155
831,171
1428,45
529,51
1319,166
818,133
91,168
537,149
1146,33
1,180
1425,1
287,40
383,33
1325,104
1576,2
1483,171
799,53
926,36
304,112
699,132
541,128
387,27
1546,203
436,84
674,97
515,18
715,156
907,80
1254,2
179,123
301,186
790,0
689,61
511,6
265,71
537,36
980,197
48,146
415,51
216,66
243,105
638,39
301,164
273,111
487,179
197,139
863,25
251,202
92,90
945,44
54,71
2,203
942,157
931,51
1233,25
976,202
42,66
1432,174
1037,126
722,113
551,147
317,165
3,112
853,9
302,152
1,14
234,173
560,134
563,68
1085,22
817,90
440,131
12,116
1593,12
177,13
465,24
639,198
1000,102
739,113
248,90
388,182
749,156
2,39
26,112
1599,139
398,205
1720,195
127,50
1,103
908,90
107,109
142,10
74,128
785,147
400,168
341,43
922,182
1486,68
204,170
1273,3
104,70
51,197
321,114
1276,195
336,62
30,24
1410,191
823,90
364,153
594,50
71,196
654,198
387,100
217,117
412,14
1270,77
110,193
377,35
132,100
1007,116
20,124
299,19
745,58
281,189
271,144
45,152
126,65
1245,5
211,39
751,133
471,198
162,19
1127,133
955,98
154,127
1732,57
1023,171
446,49
264,49
1348,111
257,186
157,33
1057,200
915,166
25,124
1270,125
434,64
235,156
711,119
1091,103
760,101
54,47
715,58
779,56
370,96
414,14
1248,149
1561,70
56,76
710,21
450,71
641,78
408,32
982,147
557,200
104,73
118,176
815,178
427,42
498,200
826,202
130,125
1138,45
1315,168
323,18
1204,171
100,70
605,203
476,105
1168,24
809,99
350,191
254,118
68,160
428,112
1093,53
1409,93
432,32
1154,175
984,58
502,30
1414,184
509,63
44,152
904,202
435,55
1127,55
608,148
337,66
860,197
345,183
1145,189
133,155
424,61
1565,200
1053,200
524,193
392,110
459,122
1138,61
1035,127
1522,87
394,139
813,138
530,58
302,155
195,173
1303,180
1159,14
186,134
241,170
1064,153
1079,73
260,191
1193,11
803,52
953,107
255,88
1363,154
0,3
1390,121
1094,40
811,170
182,36
470,96
245,107
794,81
1701,33
549,82
873,158
1388,3
30,41
55,75
1142,136
1180,144
1098,138
263,41
1391,41
1272,90
430,0
896,17
984,90
100,119
773,74
572,88
690,143
1004,27
477,122
260,87
266,96
166,195
450,167
211,99
1682,0
349,107
26,1
733,198
577,194
39,154
717,74
415,179
736,30
657,78
229,102
891,75
276,21
392,25
885,162
1501,89
421,159
867,169
281,135
1438,112
399,98
58,200
1386,181
6,67
779,63
1330,61
1355,32
1331,89
873,4
1343,162
403,144
449,122
260,30
539,136
669,109
191,31
640,201
572,48
133,193
1294,195
99,58
867,67
1127,11
738,138
263,31
694,148
392,142
1082,149
1169,201
29,180
170,87
1675,86
83,67
1531,35
641,0
1485,7
312,123
70,52
287,65
675,198
825,6
539,187
509,183
464,67
76,62
677,189
297,28
491,199
1178,137
563,174
392,159
576,106
559,98
48,26
440,59
204,125
681,80
382,152
1386,42
524,166
170,22
18,144
89,93
56,62
1173,161
94,103
62,6
1315,6
586,12
285,4
253,115
45,195
1121,198
483,34
2,56
157,190
217,114
642,88
385,67
444,99
113,120
493,187
1557,93
746,152
325,202
452,76
1143,42
895,185
256,115
297,90
147,136
394,11
637,44
673,29
1648,104
724,198
1422,189
284,40
21,149
182,124
775,144
146,28
401,31
593,201
1241,80
91,194
41,165
1020,168
160,132
1381,192
882,52
606,189
702,45
691,50
155,198
491,190
707,13
983,128
834,67
142,73
727,48
39,139
242,103
110,38
791,199
595,141
250,68
1112,13
520,81
1041,40
357,98
122,132
474,31
836,111
51,196
907,74
1182,199
212,203
343,49
92,177
868,94
280,39
275,124
907,170
1064,30
835,91
321,134
278,121
797,180
283,32
945,7
0,169
484,62
91,162
95,32
29,103
374,162
314,21
705,7
844,74
1130,170
663,35
648,35
1541,190
32,3
401,143
604,190
290,117
942,169
332,90
657,101
83,9
1001,71
1227,88
1328,104
51,58
1,39
935,108
10,62
647,46
294,42
1277,28
682,73
1043,190
196,139
232,158
903,196
502,142
1023,38
694,51
819,174
1351,123
1340,170
126,27
1583,70
1104,57
1314,2
1668,171
40,58
208,122
848,104
268,141
461,119
913,93
1205,65
15,2
305,45
108,155
894,48
666,129
1117,102
27,201
46,6
107,97
1131,38
720,148
615,39
271,184
1135,10
840,104
1033,199
740,177
378,179
516,121
398,153
526,161
773,169
620,162
158,8
509,39
49,91
1294,89
914,64
20,66
499,150
521,148
749,59
169,116
78,201
224,24
517,157
992,3
150,54
627,5
1269,187
840,107
839,74
1356,155
449,156
138,177
1514,10
91,125
81,6
1223,106
58,7
183,98
777,37
160,103
319,34
636,136
844,118
16,155
196,101
191,27
43,73
861,184
221,75
703,132
91,73
1061,51
111,111
1004,135
103,180
10,35
37,37
29,15
443,183
329,171
320,147
94,10
369,8
162,158
252,161
285,98
632,180
155,177
193,163
46,13
273,95
1144,111
799,141
62,75
1102,69
1129,88
365,34
944,139
599,23
535,176
13,26
402,77
813,99
97,121
247,16
1023,126
3,116
278,134
630,120
1403,103
196,29
225,69
650,22
1227,109
567,59
220,186
502,65
1060,27
21,173
206,30
1007,169
352,186
1101,33
292,164
358,88
365,40
816,79
400,72
1131,17
280,64
1479,82
10,71
950,73
1251,81
591,34
312,25
1094,106
1097,163
947,142
1343,119
590,60
461,201
142,31
1072,59
1368,147
1650,16
42,173
1206,142
1202,121
1035,93
48,131
1288,101
300,5
1136,91
24,142
200,174
692,21
1089,37
303,109
1144,186
276,20
117,144
1422,155
1146,58
1240,146
143,83
256,148
5,92
113,64
1449,195
585,117
0,172
0,160
0,60
376,94
532,89
105,0
1267,170
603,202
1073,169
1450,107
388,163
1030,134
470,120
1014,182
1494,92
1650,16
15,193
1029,64
626,56
279,68
105,30
167,148
1224,149
667,168
673,44
870,22
932,115
780,182
959,141
869,56
685,170
491,120
376,181
1455,89
689,75
238,140
188,112
838,68
778,170
566,105
467,93
161,16
202,46
439,194
356,15
1259,70
1,178
240,12
553,200
241,0
529,101
442,198
333,19
367,39
1175,6
716,131
852,132
463,181
293,5
113,76
58,60
450,137
807,48
154,110
535,66
1559,200
881,48
1010,134
484,140
509,197
218,142
655,108
854,48
348,149
159,153
1041,109
152,79
50,166
751,187
75,38
1016,198
197,204
133,99
1447,95
71,132
658,161
1183,106
648,155
88,146
766,196
569,115
772,42
435,42
230,39
40,53
74,58
122,14
1592,192
449,175
457,180
66,10
299,62
505,24
552,135
10,164
6,65
914,65
604,148
228,80
76,11
62,43
465,174
217,148
51,98
1445,129
1142,22
683,185
565,92
803,22
303,52
495,197
52,107
988,124
43,18
372,184
957,181
619,125
199,115
722,13
3,24
296,58
69,43
427,41
977,22
1387,151
79,11
493,19
823,134
262,134
361,95
104,55
681,114
4,26
0,134
7,178
696,62
1040,98
1305,97
374,34
1460,10
745,130
1298,78
181,61
630,14
13,135
807,22
1525,198
1685,126
923,107
1287,205
757,40
397,168
562,46
989,127
304,125
40,166
425,4
175,97
387,67
435,72
126,66
1275,137
203,88
579,33
713,62
1175,120
1664,104
588,56
388,136
795,190
606,126
475,98
1308,12
446,187
1341,95
387,86
194,49
285,23
473,27
1588,52
93,56
734,152
1263,62
677,49
357,127
331,61
443,82
28,177
851,205
1356,78
49,174
1204,135
86,47
549,153
491,83
145,31
612,86
693,134
16,110
84,35
535,5
896,85
1289,11
428,182
1493,142
173,197
1165,204
672,165
1370,196
102,143
801,101
1131,127
217,152
853,156
330,71
179,23
658,125
568,201
554,131
224,184
22,192
154,181
749,56
45,9
988,121
553,155
454,100
601,56
433,30
420,27
472,26
1,52
1273,63
1331,16
788,22
1118,22
288,75
521,71
61,4
630,109
21,29
1,37
732,66
461,43
188,143
1616,118
445,122
7,4
688,78
118,135
575,114
500,99
195,196
563,32
748,138
689,128
1214,20
519,38
617,131
721,112
148,87
73,155
619,117
1052,143
376,26
50,183
391,186
881,108
1242,8
141,123
178,1
1108,135
869,185
437,3
842,93
168,20
152,68
932,205
674,140
239,55
1108,63
772,51
494,99
457,161
686,5
551,65
253,49
17,185
88,157
14,183
1314,163
1066,79
679,185
239,94
554,68
121,149
1294,51
633,142
844,54
288,34
923,78
1272,119
25,109
16,182
406,48
866,101
752,64
126,154
1244,17
136,73
71,143
368,127
444,77
942,32
299,6
216,29
676,87
1246,120
556,62
4,37
437,85
945,85
357,30
135,78
66,167
328,140
1138,142
1064,157
1209,59
137,93
208,115
1613,83
934,173
498,61
601,51
853,190
699,115
978,46
372,79
763,137
321,15
462,108
259,45
289,53
9,17
483,178
278,66
818,48
36,150
1214,199
1,63
803,123
326,139
592,3
221,119
326,69
832,190
243,8
607,65
432,25
1353,196
44,44
94,123
476,144
509,24
1403,59
940,46
787,75
947,41
382,106
164,15
78,27
624,1
506,18
501,193
1403,118
786,187
679,61
287,31
529,53
1336,170
283,90
238,17
1020,203
164,94
902,101
160,174
574,7
355,5
1694,43
494,92
567,121
601,59
436,137
667,187
167,47
237,74
1547,129
224,191
1234,19
846,189
401,94
1641,39
1492,137
172,28
1574,30
1508,11
359,204
323,15
303,138
108,104
482,172
1576,23
741,182
352,146
906,137
1392,103
739,6
829,57
1094,108
851,71
1123,88
1020,12
12,37
1187,141
874,59
96,54
317,174
1512,53
931,99
297,141
1183,171
1651,86
188,184
1471,20
294,136
1599,79
367,152
713,77
653,92
1067,33
1265,19
226,154
82,82
745,142
359,144
803,164
1239,72
643,89
1129,149
1051,35
700,167
568,15
0,152
1717,177
1357,111
48,125
545,45
330,187
131,60
370,116
851,31
882,61
618,39
137,62
385,18
776,98
1051,164
303,53
48,89
288,106
1657,108
70,120
208,80
1250,122
81,64
1433,68
5,39
1230,150
537,168
332,199
258,68
1148,108
682,73
531,150
268,74
572,178
179,65
1277,56
86,184
606,84
15,202
712,148
370,172
450,1
1307,36
18,164
961,160
697,146
1375,92
63,178
488,148
31,156
179,132
84,41
915,22
93,67
730,16
137,102
199,86
1142,46
1171,95
204,147
896,51
566,90
37,128
173,67
358,74
325,140
1207,156
485,0
78,156
565,55
742,175
741,101
470,94
791,66
113,5
478,56
244,130
37,139
732,191
817,35
421,188
858,18
536,51
512,74
198,41
912,115
810,90
575,74
67,36
191,173
338,11
633,27
435,126
1245,11
766,34
196,0
213,68
1313,107
1086,129
1044,124
538,99
667,186
1036,95
569,10
130,58
220,116
1355,66
444,197
697,17
190,110
634,95
91,99
1200,26
937,81
407,165
2,8
27,39
138,25
916,39
724,9
1045,76
452,193
71,28
154,113
234,77
788,40
136,123
1520,60
212,63
295,151
331,169
492,5
92,114
1124,67
1236,42
78,48
1149,38
49,204
654,160
309,53
19,137
227,191
984,30
173,120
50,132
1614,201
377,32
10,174
74,57
212,146
193,73
976,194
34,87
61,135
1477,41
1401,44
1456,146
1438,172
176,179
774,24
320,8
489,89
1221,69
1206,138
8,4
119,82
18,87
446,138
536,198
1364,104
258,3
929,22
745,97
19,67
55,198
427,159
169,116
8,99
492,37
284,29
588,191
188,193
1288,64
1244,118
38,142
369,42
922,204
127,155
496,147
68,70
443,3
668,60
407,71
272,171
647,103
614,87
392,34
1311,83
13,189
290,113
659,37
51,197
335,3
263,105
523,176
786,78
1256,194
182,202
164,198
72,175
1079,131
934,47
256,45
938,156
564,174
472,146
1187,90
1001,36
899,137
1211,25
44,159
251,88
156,156
146,48
497,173
744,37
419,9
927,176
1047,40
147,109
924,198
906,65
347,42
1320,149
275,87
1198,179
973,54
628,30
1190,7
7,190
641,192
1259,50
19,75
424,116
225,159
153,26
686,108
1645,76
109,51
370,179
9,92
253,66
66,45
378,163
1191,22
673,63
250,164
1181,23
1522,142
629,90
901,12
296,87
30,65
402,181
209,98
308,200
483,83
455,160
828,163
553,122
212,64
4,203
887,121
357,97
1543,192
165,114
107,11
210,38
1163,151
1037,32
1286,179
279,139
868,24
254,57
428,186
349,12
43,126
758,20
1116,92
776,128
1030,90
1396,133
237,142
902,183
156,194
581,38
234,2
668,76
544,180
581,20
926,11
946,190
1254,181
68,10
937,48
758,12
731,109
867,115
88,12
1110,63
1377,147
1104,56
81,83
105,174
1492,110
101,45
524,184
774,101
281,126
309,96
678,19
313,100
1592,24
453,137
60,83
843,176
81,41
289,22
255,10
997,203
388,117
497,175
183,164
642,107
203,107
692,25
275,22
166,125
525,178
1004,187
1396,171
238,161
119,1
161,49
494,70
287,73
20,10
344,22
1023,184
619,115
849,5
242,74
824,40
1540,132
79,52
983,162
395,179
758,89
1121,59
704,184
155,190
393,77
471,49
43,168
384,162
19,141
796,133
1319,36
1093,116
1166,51
21,86
693,44
56,136
589,32
579,29
1322,54
1450,65
1247,88
624,62
182,135
128,138
439,87
999,176
820,197
804,154
318,97
1021,143
556,12
1301,12
1140,150
602,112
664,124
53,155
316,202
1203,36
139,14
315,106
1149,49
74,9
974,108
359,164
603,74
261,93
99,166
423,63
152,110
124,75
1293,0
739,22
24,155
604,69
866,120
1443,0
393,113
1259,56
43,175
82,28
760,172
1436,36
738,22
756,186
201,38
1082,149
854,107
144,138
429,63
1119,62
715,165
1412,124
1483,42
362,117
578,144
211,84
1039,104
186,196
1023,43
298,20
92,187
198,179
35,145
162,183
201,4
222,118
926,129
143,113
182,146
314,195
7,142
182,16
1016,163
442,107
130,130
1445,192
15,173
605,204
760,151
1447,68
76,195
161,185
113,204
130,45
821,126
1158,4
1413,113
475,121
7,185
1135,124
595,161
979,129
608,87
311,2
1305,133
1026,169
612,169
1278,74
396,79
124,8
468,91
592,42
719,110
1493,97
256,91
222,75
467,82
699,144
787,77
896,22
474,198
1234,110
1205,124
1690,25
1166,73
316,61
1004,40
179,164
424,41
1200,200
1228,81
641,113
958,150
600,110
834,140
1275,128
896,94
777,196
1397,91
374,156
542,179
211,165
859,154
197,105
683,4
325,49
327,162
212,60
466,192
540,180
609,119
571,87
1246,100
28,200
868,89
95,116
556,91
71,35
0,54
1525,46
176,125
1000,93
360,88
484,184
516,30
363,166
398,111
1356,95
743,138
621,91
402,178
1176,176
820,63
1426,66
714,131
275,1
1094,18
1349,58
1552,82
969,117
105,134
75,184
719,187
847,166
631,184
73,200
897,112
26,147
331,162
646,128
1395,155
86,142
635,40
464,49
542,113
557,96
259,140
333,162
1106,182
41,21
1267,48
92,65
255,1
638,193
1462,166
459,90
1117,120
291,66
791,191
37,34
854,43
582,131
150,86
471,103
1376,74
1469,138
237,26
1259,141
9,125
532,59
803,140
788,68
763,22
129,174
395,87
1152,61
1159,35
694,2
265,73
487,138
1708,195
24,96
479,79
71,15
74,65
1216,187
865,130
268,174
197,152
93,95
476,26
850,179
811,23
61,79
462,72
26,142
1269,71
538,13
726,34
1429,12
436,179
523,47
1637,6
38,32
939,84
3,99
417,0
1190,5
898,76
1641,0
866,169
177,163
178,153
620,66
1082,143
400,12
430,160
1434,133
124,185
741,133
1466,92
105,49
3,6
779,38
663,192
435,43
846,134
51,99
296,116
937,153
41,198
825,52
22,172
650,43
502,48
73,65
1021,61
693,117
381,4
965,185
276,85
680,89
1173,142
544,10
986,145
297,25
1600,69
137,119
847,138
973,68
49,140
325,94
449,29
660,36
541,167
644,111
1276,56
222,118
28,187
390,194
442,68
545,136
215,67
1015,11
224,111
826,29
106,31
606,87
621,97
13,126
1082,145
54,60
1569,184
811,31
1230,70
522,67
758,174
209,186
1083,171
567,204
42,62
44,170
576,188
69,26
327,200
340,181
1150,16
550,110
792,153
209,102
6,174
1004,9
1089,163
615,185
837,188
704,66
1083,108
41,134
715,77
303,179
99,144
1525,19
179,97
61,80
1079,6
347,44
317,162
7,112
491,121
111,188
1062,23
137,173
520,31
1233,15
823,35
581,41
1454,173
1386,85
13,24
1313,183
661,96
1510,110
888,42
58,18
1029,146
12,200
373,121
371,137
1238,54
606,68
523,190
824,69
165,137
1391,165
804,40
1464,158
462,11
996,203
41,182
306,160
508,167
41,6
226,150
276,155
37,2
473,106
1689,20
47,6
218,64
965,169
194,120
1061,130
96,9
948,201
735,179
183,136
483,154
301,17
358,22
655,103
1200,64
214,66
505,26
255,93
742,64
793,163
1125,155
393,145
489,131
596,127
512,1
1569,105
280,164
96,58
1028,14
35,80
941,103
100,150
652,172
1676,97
6,53
70,126
252,197
397,107
1130,61
644,185
59,67
425,78
46,173
1342,199
20,154
139,198
924,108
782,36
28,158
1703,184
692,171
433,176
413,129
702,7
568,62
149,104
17,65
86,158
8,65
163,115
1161,16
1092,127
816,38
870,150
619,180
82,93
358,98
472,78
940,150
808,63
1189,148
119,37
1274,102
295,40
951,33
273,24
1460,25
442,59
994,192
958,126
824,195
96,182
388,0
125,111
13,21
921,97
393,80
194,153
423,129
422,71
862,111
208,52
738,61
694,148
1360,2
988,92
1063,86
773,177
160,94
273,185
383,186
1378,66
1020,113
356,201
2,143
808,140
1082,92
887,32
9,52
1534,194
33,177
764,195
907,168
1653,108
347,132
116,148
497,18
932,108
1406,7
82,136
1079,15
359,24
1125,70
231,25
935,197
144,95
1542,202
129,126
28,9
874,116
1241,1
66,75
25,35
256,114
731,57
177,177
438,41
1378,56
885,141
1258,36
669,141
388,119
106,103
657,26
880,7
117,68
405,148
518,122
0,82
46,65
1282,116
181,170
238,195
1115,141
321,91
448,21
525,17
200,92
6,156
400,92
272,118
645,147
1276,115
18,201
380,194
75,77
206,46
921,66
524,204
664,161
801,177
1029,106
689,121
71,45
612,27
535,146
68,109
454,95
43,95
244,9
592,106
319,175
1259,168
1366,76
1134,203
422,22
124,123
70,59
221,65
574,136
70,185
614,33
622,201
624,17
839,31
329,20
756,22
1192,130
967,205
521,119
1165,59
727,102
1142,145
1,85
93,58
202,8
45,202
24,125
739,42
244,83
1303,181
27,79
628,53
279,117
160,181
766,113
1235,204
1485,10
918,163
827,13
691,67
547,161
161,129
227,110
561,172
619,154
293,109
387,126
227,34
528,143
223,203
487,35
532,117
1133,142
528,87
999,154
1152,18
401,99
1243,8
1549,185
40,162
49,28
486,166
823,15
1402,108
484,59
539,191
497,47
162,120
142,188
731,181
1240,72
1298,11
692,5
3,163
281,138
63,140
819,142
885,15
200,45
573,70
8,168
1455,10
216,43
1282,89
333,23
560,60
131,45
505,65
81,19
855,136
907,67
60,80
394,179
1045,80
582,161
98,78
875,111
412,105
1046,147
31,12
328,134
0,156
1600,85
1603,56
711,195
1152,11
444,138
496,24
58,11
578,84
0,191
444,198
665,46
426,172
72,161
112,165
754,88
770,155
307,93
1125,51
904,158
0,54
333,3
558,160
83,45
1178,185
100,47
115,97
989,115
113,1
175,39
311,7
921,48
1224,71
562,7
25,68
348,104
572,121
527,0
244,187
1100,152
1241,69
302,196
1,135
336,32
1,198
493,35
696,157
625,191
971,157
520,90
467,37
669,77
44,35
1072,0
695,180
1001,109
45,167
1370,38
489,65
247,159
628,116
707,204
176,22
624,203
1108,188
237,38
281,156
578,122
155,126
854,101
49,50
1070,128
52,194
880,23
691,196
59,146
417,56
1038,24
405,60
555,130
220,18
220,82
901,80
152,143
672,68
460,188
97,121
728,103
922,113
390,27
879,84
1352,195
28,102
904,203
535,96
829,61
768,170
26,0
521,80
1164,205
8,113
212,86
46,179
1095,117
1432,8
1019,198
994,203
1539,163
56,92
932,171
91,55
950,67
916,77
1177,106
1176,129
930,167
18,180
118,3
1313,38
1373,26
288,42
732,163
93,54
302,23
11,34
1062,148
22,16
321,183
317,95
335,123
609,131
976,196
1596,48
898,99
1727,101
704,155
230,57
1278,9
311,95
208,114
528,51
1079,6
1696,34
1704,94
1220,66
908,60
21,115
1006,96
148,108
1228,48
44,53
668,104
347,119
228,64
1139,4
100,96
410,44
813,122
938,155
611,48
1637,21
91,147
487,97
880,200
233,33
242,181
1137,145
334,146
388,78
1042,20
1284,75
1398,173
604,17
1466,189
718,180
438,193
297,6
52,95
59,51
719,93
108,55
329,81
398,124
741,101
53,117
841,65
275,49
1655,76
128,57
1213,17
287,124
1435,204
594,70
543,164
705,3
1335,168
815,22
229,47
1552,145
762,109
622,205
1598,118
148,138
1,57
141,63
440,29
685,122
553,109
25,8
855,144
914,186
1356,25
1533,205
323,171
487,39
220,194
1662,110
435,119
477,11
449,31
1345,18
1228,141
24,94
391,19
672,15
286,71
204,176
220,7
1323,195
1662,164
490,177
183,145
914,204
148,32
100,70
1320,0
784,159
1251,58
127,176
1652,22
1016,113
750,164
545,110
1,67
10,43
347,28
477,168
442,190
780,156
256,54
1024,136
198,160
1422,24
1517,104
299,3
1519,94
1213,49
936,41
1043,174
703,3
188,160
1241,164
356,154
217,88
55,71
679,145
1567,6
214,180
21,205
1397,151
870,199
1480,23
1133,7
698,166
124,152
1344,70
1066,17
758,94
448,148
551,177
202,121
53,201
19,23
739,21
974,45
104,142
190,131
367,141
213,81
16,59
1294,36
1104,77
479,163
104,90
4,151
446,160
1148,8
89,96
1632,142
1337,66
258,36
817,144
560,18
210,48
1226,4
158,94
81,18
1119,15
411,95
127,176
715,29
695,147
1519,178
1673,178
599,5
814,172
1189,49
543,107
646,133
99,179
158,155
724,154
1274,144
997,154
1239,100
1021,122
110,1
239,66
333,86
1496,5
202,161
1171,13
102,60
661,68
456,200
1244,75
442,165
1100,44
728,36
345,139
169,181
122,53
522,194
871,16
113,86
427,46
467,104
221,137
869,69
769,73
1297,160
471,153
285,35
360,120
108,204
10,155
203,39
307,134
1529,175
426,158
1060,122
1518,44
564,64
914,96
162,118
138,29
511,38
337,49
1561,177
749,80
103,49
70,201
38,9
360,177
132,81
320,185
1486,65
733,101
624,152
165,46
1243,131
412,165
29,144
38,28
236,43
1460,92
1221,4
1480,136
702,121
682,116
241,25
143,39
1683,10
1253,49
634,174
129,178
1191,172
1051,199
1422,93
1342,143
986,193
482,126
679,88
398,170
369,161
1153,205
1091,14
1673,124
539,115
1273,82
734,71
31,168
858,91
63,181
3,38
459,163
1306,22
254,162
247,106
848,47
1063,20
191,15
438,55
1186,61
1411,63
519,149
387,147
31,198
26,70
91,91
795,26
1261,66
160,150
999,17
602,199
53,23
905,90
24,13
1431,16
901,18
0,141
904,148
483,16
1325,111
968,25
814,72
684,25
97,95
71,101
635,159
1469,170
146,157
959,199
728,120
71,90
1045,185
27,133
45,2
486,155
117,198
1448,159
490,50
98,135
104,90
784,169
114,114
1456,22
141,64
1016,164
601,117
809,0
57,161
977,138
809,81
938,11
1608,157
229,60
613,177
921,64
167,107
18,201
631,63
930,36
14,197
691,27
62,202
219,107
890,164
806,41
595,16
264,50
105,107
159,76
138,142
869,91
1276,180
731,131
1066,5
1027,111
51,72
703,30
775,34
920,124
1357,7
19,205
827,195
557,11
769,203
762,57
523,189
427,191
291,131
1098,106
22,47
1185,6
41,183
